﻿<parameters>
  <parameter name="IIS Web Application Name" defaultValue="LRBMvc_Bleeding" tags="IisApp">
    <parameterEntry kind="ProviderPath" scope="IisApp" match="^C:\\Users\\tomiwa\\Documents\\Visual\ Studio\ 2012\\Projects\\LRBMvc\\LRBMvc\\obj\\Release\\Package\\PackageTmp$" />
    <parameterEntry kind="ProviderPath" scope="setAcl" match="^C:\\Users\\tomiwa\\Documents\\Visual\ Studio\ 2012\\Projects\\LRBMvc\\LRBMvc\\obj\\Release\\Package\\PackageTmp$" />
  </parameter>
  <parameter name="DefaultConnection-Web.config Connection String" defaultValue="Data Source=.\SQLEXPRESS2;Initial Catalog=aspnet-LRBMvc;Integrated Security=True">
    <parameterEntry kind="XmlFile" scope="C:\\Users\\tomiwa\\Documents\\Visual\ Studio\ 2012\\Projects\\LRBMvc\\LRBMvc\\obj\\Release\\Package\\PackageTmp\\Web\.config$" match="/configuration/connectionStrings/add[@name='DefaultConnection']/@connectionString" />
  </parameter>
  <parameter name="LandsDBContext-Web.config Connection String" defaultValue="Data Source=.\SQLEXPRESS2;Initial Catalog=LandsDB;Integrated Security=True">
    <parameterEntry kind="XmlFile" scope="C:\\Users\\tomiwa\\Documents\\Visual\ Studio\ 2012\\Projects\\LRBMvc\\LRBMvc\\obj\\Release\\Package\\PackageTmp\\Web\.config$" match="/configuration/connectionStrings/add[@name='LandsDBContext']/@connectionString" />
  </parameter>
  <parameter name="LandTitles-Web.config Connection String" defaultValue="metadata=res://*/Repository.TitlesModel.csdl|res://*/Repository.TitlesModel.ssdl|res://*/Repository.TitlesModel.msl;provider=System.Data.SqlClient;provider connection string='metadata=res://*/Repository.TitlesModel.csdl|res://*/Repository.TitlesModel.ssdl|res://*/Repository.TitlesModel.msl;provider=System.Data.SqlClient;provider connection string=&quot;data source=.\sqlexpress2;initial catalog=LandTitles;integrated security=True;MultipleActiveResultSets=True;App=EntityFramework&quot;'">
    <parameterEntry kind="XmlFile" scope="C:\\Users\\tomiwa\\Documents\\Visual\ Studio\ 2012\\Projects\\LRBMvc\\LRBMvc\\obj\\Release\\Package\\PackageTmp\\Web\.config$" match="/configuration/connectionStrings/add[@name='LandTitles']/@connectionString" />
  </parameter>
  <parameter name="LandsDBContext_DatabasePublish-Web.config Connection String" description="LandsDBContext Connection String used by Entity Framework Code First Model to deploy the database." defaultValue="Data Source=.\SQLEXPRESS2;Initial Catalog=LandsDB;Integrated Security=True">
    <parameterEntry kind="XmlFile" scope="C:\\Users\\tomiwa\\Documents\\Visual\ Studio\ 2012\\Projects\\LRBMvc\\LRBMvc\\obj\\Release\\Package\\PackageTmp\\Web\.config$" match="/configuration/connectionStrings/add[@name='LandsDBContext_DatabasePublish']/@connectionString" />
  </parameter>
</parameters>